<?xml version="1.0" encoding="UTF-8"?>
<project-private xmlns="http://www.netbeans.org/ns/project-private/1">
    <editor-bookmarks xmlns="http://www.netbeans.org/ns/editor-bookmarks/2" lastBookmarkId="0"/>
    <open-files xmlns="http://www.netbeans.org/ns/projectui-open-files/2">
        <group>
            <file>file:/home/freyd/NetBeansProjects/HotelBd/web/rol.jsp</file>
            <file>file:/home/freyd/NetBeansProjects/HotelBd/src/java/Control/ReservaServ.java</file>
            <file>file:/home/freyd/NetBeansProjects/HotelBd/web/reserva.jsp</file>
        </group>
    </open-files>
</project-private>
